Workbook

Sheet Sheet1
A3: Row Labels | B3: Sum of Base_Salary | D3: Row Labels | E3: Count of Emp_ID
A4: Engineering | B4: 1205863 | D4: Analyst | E4: 0.32
A5: HR | B5: 504591 | D5: Associate | E5: 0.38
A6: Marketing | B6: 927191 | D6: Director | E6: 0.12
A7: Sales | B7: 1527002 | D7: Manager | E7: 0.18
A8: Grand Total | B8: 4164647 | D8: Grand Total | E8: 1

Sheet Solution_Data
A1: Emp_ID | B1: Department | C1: Office_Location | D1: Job_Level | E1: Years_Service | F1: Performance_Rating | G1: Base_Salary | H1: Bonus_Percent | I1: Severance_Weeks | J1: COLA_Amount | K1: Training_Budget | L1: Risk_Flag
A2: 1001 | B2: Sales | C2: Austin | D2: Associate | E2: 3 | F2: 90 | G2: 72663 | H2: =_xlfn.XLOOKUP(F2,Reference_Tables!$A$3:$A$6,Reference_Tables!$B$3:$B$6,,-1) -> 0.1 | I2: =_xlfn.XLOOKUP(E2,Reference_Tables!$A$10:$A$13,Reference_Tables!$B$10:$B$13,,-1) -> 2 | J2: {=INDEX(Reference_Tables!$B$19:$E$22,_xlfn.XMATCH(C2,Reference_Tables!$A$19:$A$22),_xlfn.XMATCH(D2,Reference_Tables!$B$18:$E$18))} -> 1500 | K2: {=INDEX(Reference_Tables!$B$27:$E$30,_xlfn.XMATCH(B2,Reference_Tables!$A$27:$A$30),_xlfn.XMATCH(D2,Reference_Tables!$B$26:$E$26))} -> 2000 | L2: =IF(AND(F2>90,G2<65000),"High Risk",IF(E2>10,"Medium Risk","Stable")) -> Stable
A3: 1002 | B3: Engineering | C3: Austin | D3: Analyst | E3: 1 | F3: 75 | G3: 52785 | H3: =_xlfn.XLOOKUP(F3,Reference_Tables!$A$3:$A$6,Reference_Tables!$B$3:$B$6,,-1) -> 0.05 | I3: =_xlfn.XLOOKUP(E3,Reference_Tables!$A$10:$A$13,Reference_Tables!$B$10:$B$13,,-1) -> 0 | J3: {=INDEX(Reference_Tables!$B$19:$E$22,_xlfn.XMATCH(C3,Reference_Tables!$A$19:$A$22),_xlfn.XMATCH(D3,Reference_Tables!$B$18:$E$18))} -> 1000 | K3: {=INDEX(Reference_Tables!$B$27:$E$30,_xlfn.XMATCH(B3,Reference_Tables!$A$27:$A$30),_xlfn.XMATCH(D3,Reference_Tables!$B$26:$E$26))} -> 1500 | L3: =IF(AND(F3>90,G3<65000),"High Risk",IF(E3>10,"Medium Risk","Stable")) -> Stable
A4: 1003 | B4: Engineering | C4: Denver | D4: Manager | E4: 10 | F4: 89 | G4: 101104 | H4: =_xlfn.XLOOKUP(F4,Reference_Tables!$A$3:$A$6,Reference_Tables!$B$3:$B$6,,-1) -> 0.1 | I4: =_xlfn.XLOOKUP(E4,Reference_Tables!$A$10:$A$13,Reference_Tables!$B$10:$B$13,,-1) -> 6 | J4: {=INDEX(Reference_Tables!$B$19:$E$22,_xlfn.XMATCH(C4,Reference_Tables!$A$19:$A$22),_xlfn.XMATCH(D4,Reference_Tables!$B$18:$E$18))} -> 3000 | K4: {=INDEX(Reference_Tables!$B$27:$E$30,_xlfn.XMATCH(B4,Reference_Tables!$A$27:$A$30),_xlfn.XMATCH(D4,Reference_Tables!$B$26:$E$26))} -> 4000 | L4: =IF(AND(F4>90,G4<65000),"High Risk",IF(E4>10,"Medium Risk","Stable")) -> Stable
A5: 1004 | B5: Marketing | C5: Denver | D5: Analyst | E5: 2 | F5: 97 | G5: 55218 | H5: =_xlfn.XLOOKUP(F5,Reference_Tables!$A$3:$A$6,Reference_Tables!$B$3:$B$6,,-1) -> 0.15 | I5: =_xlfn.XLOOKUP(E5,Reference_Tables!$A$10:$A$13,Reference_Tables!$B$10:$B$13,,-1) -> 2 | J5: {=INDEX(Reference_Tables!$B$19:$E$22,_xlfn.XMATCH(C5,Reference_Tables!$A$19:$A$22),_xlfn.XMATCH(D5,Reference_Tables!$B$18:$E$18))} -> 1200 | K5: {=INDEX(Reference_Tables!$B$27:$E$30,_xlfn.XMATCH(B5,Reference_Tables!$A$27:$A$30),_xlfn.XMATCH(D5,Reference_Tables!$B$26:$E$26))} -> 1200 | L5: =IF(AND(F5>90,G5<65000),"High Risk",IF(E5>10,"Medium Risk","Stable")) -> High Risk
A6: 1005 | B6: Sales | C6: Seattle | D6: Associate | E6: 6 | F6: 62 | G6: 81484 | H6: =_xlfn.XLOOKUP(F6,Reference_Tables!$A$3:$A$6,Reference_Tables!$B$3:$B$6,,-1) -> 0 | I6: =_xlfn.XLOOKUP(E6,Reference_Tables!$A$10:$A$13,Reference_Tables!$B$10:$B$13,,-1) -> 6 | J6: {=INDEX(Reference_Tables!$B$19:$E$22,_xlfn.XMATCH(C6,Reference_Tables!$A$19:$A$22),_xlfn.XMATCH(D6,Reference_Tables!$B$18:$E$18))} -> 3000 | K6: {=INDEX(Reference_Tables!$B$27:$E$30,_xlfn.XMATCH(B6,Reference_Tables!$A$27:$A$30),_xlfn.XMATCH(D6,Reference_Tables!$B$26:$E$26))} -> 2000 | L6: =IF(AND(F6>90,G6<65000),"High Risk",IF(E6>10,"Medium Risk","Stable")) -> Stable
A7: 1006 | B7: Sales | C7: Seattle | D7: Associate | E7: 7 | F7: 68 | G7: 77923 | H7: =_xlfn.XLOOKUP(F7,Reference_Tables!$A$3:$A$6,Reference_Tables!$B$3:$B$6,,-1) -> 0 | I7: =_xlfn.XLOOKUP(E7,Reference_Tables!$A$10:$A$13,Reference_Tables!$B$10:$B$13,,-1) -> 6 | J7: {=INDEX(Reference_Tables!$B$19:$E$22,_xlfn.XMATCH(C7,Reference_Tables!$A$19:$A$22),_xlfn.XMATCH(D7,Reference_Tables!$B$18:$E$18))} -> 3000 | K7: {=INDEX(Reference_Tables!$B$27:$E$30,_xlfn.XMATCH(B7,Reference_Tables!$A$27:$A$30),_xlfn.XMATCH(D7,Reference_Tables!$B$26:$E$26))} -> 2000 | L7: =IF(AND(F7>90,G7<65000),"High Risk",IF(E7>10,"Medium Risk","Stable")) -> Stable
A8: 1007 | B8: Marketing | C8: Denver | D8: Analyst | E8: 2 | F8: 75 | G8: 57260 | H8: =_xlfn.XLOOKUP(F8,Reference_Tables!$A$3:$A$6,Reference_Tables!$B$3:$B$6,,-1) -> 0.05 | I8: =_xlfn.XLOOKUP(E8,Reference_Tables!$A$10:$A$13,Reference_Tables!$B$10:$B$13,,-1) -> 2 | J8: {=INDEX(Reference_Tables!$B$19:$E$22,_xlfn.XMATCH(C8,Reference_Tables!$A$19:$A$22),_xlfn.XMATCH(D8,Reference_Tables!$B$18:$E$18))} -> 1200 | K8: {=INDEX(Reference_Tables!$B$27:$E$30,_xlfn.XMATCH(B8,Reference_Tables!$A$27:$A$30),_xlfn.XMATCH(D8,Reference_Tables!$B$26:$E$26))} -> 1200 | L8: =IF(AND(F8>90,G8<65000),"High Risk",IF(E8>10,"Medium Risk","Stable")) -> Stable
A9: 1008 | B9: HR | C9: Austin | D9: Analyst | E9: 2 | F9: 62 | G9: 64302 | H9: =_xlfn.XLOOKUP(F9,Reference_Tables!$A$3:$A$6,Reference_Tables!$B$3:$B$6,,-1) -> 0 | I9: =_xlfn.XLOOKUP(E9,Reference_Tables!$A$10:$A$13,Reference_Tables!$B$10:$B$13,,-1) -> 2 | J9: {=INDEX(Reference_Tables!$B$19:$E$22,_xlfn.XMATCH(C9,Reference_Tables!$A$19:$A$22),_xlfn.XMATCH(D9,Reference_Tables!$B$18:$E$18))} -> 1000 | K9: {=INDEX(Reference_Tables!$B$27:$E$30,_xlfn.XMATCH(B9,Reference_Tables!$A$27:$A$30),_xlfn.XMATCH(D9,Reference_Tables!$B$26:$E$26))} -> 800 | L9: =IF(AND(F9>90,G9<65000),"High Risk",IF(E9>10,"Medium Risk","Stable")) -> Stable
A10: 1009 | B10: Marketing | C10: Denver | D10: Manager | E10: 13 | F10: 68 | G10: 96294 | H10: =_xlfn.XLOOKUP(F10,Reference_Tables!$A$3:$A$6,Reference_Tables!$B$3:$B$6,,-1) -> 0 | I10: =_xlfn.XLOOKUP(E10,Reference_Tables!$A$10:$A$13,Reference_Tables!$B$10:$B$13,,-1) -> 6 | J10: {=INDEX(Reference_Tables!$B$19:$E$22,_xlfn.XMATCH(C10,Reference_Tables!$A$19:$A$22),_xlfn.XMATCH(D10,Reference_Tables!$B$18:$E$18))} -> 3000 | K10: {=INDEX(Reference_Tables!$B$27:$E$30,_xlfn.XMATCH(B10,Reference_Tables!$A$27:$A$30),_xlfn.XMATCH(D10,Reference_Tables!$B$26:$E$26))} -> 3000 | L10: =IF(AND(F10>90,G10<65000),"High Risk",IF(E10>10,"Medium Risk","Stable")) -> Medium Risk
A11: 1010 | B11: HR | C11: Boston | D11: Analyst | E11: 1 | F11: 84 | G11: 50305 | H11: =_xlfn.XLOOKUP(F11,Reference_Tables!$A$3:$A$6,Reference_Tables!$B$3:$B$6,,-1) -> 0.05 | I11: =_xlfn.XLOOKUP(E11,Reference_Tables!$A$10:$A$13,Reference_Tables!$B$10:$B$13,,-1) -> 0 | J11: {=INDEX(Reference_Tables!$B$19:$E$22,_xlfn.XMATCH(C11,Reference_Tables!$A$19:$A$22),_xlfn.XMATCH(D11,Reference_Tables!$B$18:$E$18))} -> 2200 | K11: {=INDEX(Reference_Tables!$B$27:$E$30,_xlfn.XMATCH(B11,Reference_Tables!$A$27:$A$30),_xlfn.XMATCH(D11,Reference_Tables!$B$26:$E$26))} -> 800 | L11: =IF(AND(F11>90,G11<65000),"High Risk",IF(E11>10,"Medium Risk","Stable")) -> Stable
A12: 1011 | B12: Sales | C12: Boston | D12: Director | E12: 17 | F12: 95 | G12: 138328 | H12: =_xlfn.XLOOKUP(F12,Reference_Tables!$A$3:$A$6,Reference_Tables!$B$3:$B$6,,-1) -> 0.15 | I12: =_xlfn.XLOOKUP(E12,Reference_Tables!$A$10:$A$13,Reference_Tables!$B$10:$B$13,,-1) -> 6 | J12: {=INDEX(Reference_Tables!$B$19:$E$22,_xlfn.XMATCH(C12,Reference_Tables!$A$19:$A$22),_xlfn.XMATCH(D12,Reference_Tables!$B$18:$E$18))} -> 9000 | K12: {=INDEX(Reference_Tables!$B$27:$E$30,_xlfn.XMATCH(B12,Reference_Tables!$A$27:$A$30),_xlfn.XMATCH(D12,Reference_Tables!$B$26:$E$26))} -> 5000 | L12: =IF(AND(F12>90,G12<65000),"High Risk",IF(E12>10,"Medium Risk","Stable")) -> Medium Risk
A13: 1012 | B13: Sales | C13: Boston | D13: Associate | E13: 7 | F13: 61 | G13: 83981 | H13: =_xlfn.XLOOKUP(F13,Reference_Tables!$A$3:$A$6,Reference_Tables!$B$3:$B$6,,-1) -> 0 | I13: =_xlfn.XLOOKUP(E13,Reference_Tables!$A$10:$A$13,Reference_Tables!$B$10:$B$13,,-1) -> 6 | J13: {=INDEX(Reference_Tables!$B$19:$E$22,_xlfn.XMATCH(C13,Reference_Tables!$A$19:$A$22),_xlfn.XMATCH(D13,Reference_Tables!$B$18:$E$18))} -> 3200 | K13: {=INDEX(Reference_Tables!$B$27:$E$30,_xlfn.XMATCH(B13,Reference_Tables!$A$27:$A$30),_xlfn.XMATCH(D13,Reference_Tables!$B$26:$E$26))} -> 2000 | L13: =IF(AND(F13>90,G13<65000),"High Risk",IF(E13>10,"Medium Risk","Stable")) -> Stable
... A51: 1050 | B51: HR | C51: Austin | D51: Associate | E51: 4 | F51: 68 | G51: 77866 | H51: =_xlfn.XLOOKUP(F51,Reference_Tables!$A$3:$A$6,Reference_Tables!$B$3:$B$6,,-1) -> 0 | I51: =_xlfn.XLOOKUP(E51,Reference_Tables!$A$10:$A$13,Reference_Tables!$B$10:$B$13,,-1) -> 2 | J51: {=INDEX(Reference_Tables!$B$19:$E$22,_xlfn.XMATCH(C51,Reference_Tables!$A$19:$A$22),_xlfn.XMATCH(D51,Reference_Tables!$B$18:$E$18))} -> 1500 | K51: {=INDEX(Reference_Tables!$B$27:$E$30,_xlfn.XMATCH(B51,Reference_Tables!$A$27:$A$30),_xlfn.XMATCH(D51,Reference_Tables!$B$26:$E$26))} -> 1500 | L51: =IF(AND(F51>90,G51<65000),"High Risk",IF(E51>10,"Medium Risk","Stable")) -> Stable

Sheet Reference_Tables
A1: TABLE A: BONUS TIERS (Rating)
A2: Rating Threshold | B2: Bonus %
A3: 0 | B3: 0
A4: 70 | B4: 0.05
A5: 85 | B5: 0.1
A6: 95 | B6: 0.15
A9: TABLE B: SEVERANCE GUIDE (Years)
A10: Years Threshold | B10: Weeks Pay
A11: 0 | B11: 0
A12: 2 | B12: 2
A13: 5 | B13: 6
A14: 10 | B14: 12
A17: TABLE C: COLA MATRIX ($)
A18: Office/Level | B18: Analyst | C18: Associate | D18: Manager | E18: Director
A19: Seattle | B19: 2000 | C19: 3000 | D19: 5000 | E19: 8000
A20: Austin | B20: 1000 | C20: 1500 | D20: 2500 | E20: 4000
A21: Denver | B21: 1200 | C21: 1800 | D21: 3000 | E21: 5000
A22: Boston | B22: 2200 | C22: 3200 | D22: 5500 | E22: 9000
A25: TABLE D: TRAINING BUDGET ($)
A26: Dept/Level | B26: Analyst | C26: Associate | D26: Manager | E26: Director
A27: Engineering | B27: 1500 | C27: 2500 | D27: 4000 | E27: 6000
A28: Sales | B28: 1000 | C28: 2000 | D28: 3500 | E28: 5000
A29: Marketing | B29: 1200 | C29: 2200 | D29: 3000 | E29: 4500
A30: HR | B30: 800 | C30: 1500 | D30: 2500 | E30: 4000

Sheet Answer_Key
A1: Question | B1: Description | C1: Excel Formula Solution
A2: Q6 | B2: Sum Base Salary (Eng, Seattle) | C2: =SUMIFS(Solution_Data!G:G, Solution_Data!B:B, "Engineering", Solution_Data!C:C, "Seattle") -> 250744
A3: Q7 | B3: Count (Manager, Austin) | C3: =COUNTIFS(Solution_Data!D:D, "Manager", Solution_Data!C:C, "Austin") -> 2
A4: Q8 | B4: Avg Rating (Sales, >5 Years) | C4: =AVERAGEIFS(Solution_Data!F:F, Solution_Data!B:B, "Sales", Solution_Data!E:E, ">5") -> 75.25
