Workbook
Name ApprovalPolicy: ApprovalPolicy!$A$1:$B$5
Name BudgetMatrix: BudgetMatrix!$A$1:$D$8
Name Vendors: Vendors!$A$1:$F$9

Sheet Vendors
A1: VendorID | B1: VendorName | C1: Category | D1: PaymentTerms | E1: DefaultGL | F1: APOwner
A2: V-1001 | B2: Staples | C2: Office Supplies | D2: Net 30 | E2: 6100 | F2: AP-Office
A3: V-1002 | B3: Delta Airlines | C3: Travel | D3: Due on Receipt | E3: 6450 | F3: AP-Travel
A4: V-1003 | B4: AWS | C4: Software | D4: Net 15 | E4: 6200 | F4: AP-IT
A5: V-1004 | B5: City Utilities | C5: Utilities | D5: Net 30 | E5: 6300 | F5: AP-Utilities
A6: V-1005 | B6: WeWork | C6: Rent | D6: Net 30 | E6: 6400 | F6: AP-Facilities
A7: V-1006 | B7: Zoom | C7: Software | D7: Net 30 | E7: 6200 | F7: AP-IT
A8: V-1007 | B8: FedEx | C8: Shipping | D8: Net 30 | E8: 6460 | F8: AP-Shipping
A9: V-1008 | B9: Home Depot | C9: Repairs & Maintenance | D9: Net 30 | E9: 6470 | F9: AP-Facilities

Sheet ApprovalPolicy
A1: Threshold | B1: Approver
A2: 0 | B2: Staff Accountant
A3: 500 | B3: Accounting Manager
A4: 2000 | B4: Controller
A5: 10000 | B5: CFO

Sheet BudgetMatrix
A1: GLAccount | B1: Marketing | C1: Ops | D1: Finance
A2: 6100 | B2: 800 | C2: 500 | D2: 200
A3: 6200 | B3: 300 | C3: 900 | D3: 400
A4: 6300 | B4: 150 | C4: 350 | D4: 250
A5: 6400 | B5: 0 | C5: 2500 | D5: 0
A6: 6450 | B6: 1000 | C6: 200 | D6: 150
A7: 6460 | B7: 120 | C7: 180 | D7: 90
A8: 6470 | B8: 200 | C8: 600 | D8: 150

Sheet InvoiceLab
A1: InvoiceID | B1: VendorID | C1: InvoiceDate | D1: Amount | E1: Description | F1: Department | G1: VendorName | H1: PaymentTerms | I1: DefaultGL | J1: BudgetLimit | K1: OverBudgetFlag | L1: Approver | N1: All invoices where Amount > 200 | U1: All Marketing invoices
A2: INV-901 | B2: V-1001 | C2: 2025-01-10 | D2: 125.5 | E2: Printer paper + pens | F2: Marketing | G2: =_xlfn.XLOOKUP(B2,Vendors!$A$2:$A$9,Vendors!$B$2:$B$9,"UNKNOWN") -> Staples | H2: =_xlfn.XLOOKUP(B2,Vendors!$A$2:$A$9,Vendors!$D$2:$D$9,"MISSING") -> Net 30 | I2: =_xlfn.XLOOKUP(B2,Vendors!$A$2:$A$9,Vendors!$E$2:$E$9,"NO GL") -> 6100 | J2: {=INDEX(BudgetMatrix!$B$2:$D$8,_xlfn.XMATCH(I2,BudgetMatrix!$A$2:$A$8,0),_xlfn.XMATCH(F2,BudgetMatrix!$B$1:$D$1,0))} -> 800 | K2: =IF(D2>J2,"OVER BUDGET","OK") -> OK | L2: =_xlfn.XLOOKUP(D2,ApprovalPolicy!$A$2:$A$5,ApprovalPolicy!$B$2:$B$5,"NO POLICY",-1) -> Staff Accountant | N2: {=_xlfn._xlws.FILTER(A2:F11, D2:D11>200, "No matches")} -> INV-903 | O2: V-1004 | P2: 2025-01-12 | Q2: 450 | R2: Electric bill - HQ | S2: Ops | U2: {=_xlfn._xlws.FILTER(A2:F11, F2:F11="Marketing", "No matches")} -> INV-901 | V2: V-1001 | W2: 2025-01-10 | X2: 125.5 | Y2: Printer paper + pens | Z2: Marketing
A3: INV-902 | B3: V-1003 | C3: 2025-01-11 | D3: 99 | E3: Cloud hosting - January | F3: Ops | G3: =_xlfn.XLOOKUP(B3,Vendors!$A$2:$A$9,Vendors!$B$2:$B$9,"UNKNOWN") -> AWS | H3: =_xlfn.XLOOKUP(B3,Vendors!$A$2:$A$9,Vendors!$D$2:$D$9,"MISSING") -> Net 15 | I3: =_xlfn.XLOOKUP(B3,Vendors!$A$2:$A$9,Vendors!$E$2:$E$9,"NO GL") -> 6200 | J3: {=INDEX(BudgetMatrix!$B$2:$D$8,_xlfn.XMATCH(I3,BudgetMatrix!$A$2:$A$8,0),_xlfn.XMATCH(F3,BudgetMatrix!$B$1:$D$1,0))} -> 900 | K3: =IF(D3>J3,"OVER BUDGET","OK") -> OK | L3: =_xlfn.XLOOKUP(D3,ApprovalPolicy!$A$2:$A$5,ApprovalPolicy!$B$2:$B$5,"NO POLICY",-1) -> Staff Accountant | N3: INV-904 | O3: V-1002 | P3: 2025-01-13 | Q3: 650 | R3: Flight to NY - client meeting | S3: Marketing | U3: INV-904 | V3: V-1002 | W3: 2025-01-13 | X3: 650 | Y3: Flight to NY - client meeting | Z3: Marketing
A4: INV-903 | B4: V-1004 | C4: 2025-01-12 | D4: 450 | E4: Electric bill - HQ | F4: Ops | G4: =_xlfn.XLOOKUP(B4,Vendors!$A$2:$A$9,Vendors!$B$2:$B$9,"UNKNOWN") -> City Utilities | H4: =_xlfn.XLOOKUP(B4,Vendors!$A$2:$A$9,Vendors!$D$2:$D$9,"MISSING") -> Net 30 | I4: =_xlfn.XLOOKUP(B4,Vendors!$A$2:$A$9,Vendors!$E$2:$E$9,"NO GL") -> 6300 | J4: {=INDEX(BudgetMatrix!$B$2:$D$8,_xlfn.XMATCH(I4,BudgetMatrix!$A$2:$A$8,0),_xlfn.XMATCH(F4,BudgetMatrix!$B$1:$D$1,0))} -> 350 | K4: =IF(D4>J4,"OVER BUDGET","OK") -> OVER BUDGET | L4: =_xlfn.XLOOKUP(D4,ApprovalPolicy!$A$2:$A$5,ApprovalPolicy!$B$2:$B$5,"NO POLICY",-1) -> Staff Accountant | N4: INV-906 | O4: V-1005 | P4: 2025-01-15 | Q4: 3000 | R4: January office rent | S4: Ops | U4: INV-910 | V4: V-1001 | W4: 2025-01-19 | X4: 89.75 | Y4: Office supplies - staplers | Z4: Marketing
A5: INV-904 | B5: V-1002 | C5: 2025-01-13 | D5: 650 | E5: Flight to NY - client meeting | F5: Marketing | G5: =_xlfn.XLOOKUP(B5,Vendors!$A$2:$A$9,Vendors!$B$2:$B$9,"UNKNOWN") -> Delta Airlines | H5: =_xlfn.XLOOKUP(B5,Vendors!$A$2:$A$9,Vendors!$D$2:$D$9,"MISSING") -> Due on Receipt | I5: =_xlfn.XLOOKUP(B5,Vendors!$A$2:$A$9,Vendors!$E$2:$E$9,"NO GL") -> 6450 | J5: {=INDEX(BudgetMatrix!$B$2:$D$8,_xlfn.XMATCH(I5,BudgetMatrix!$A$2:$A$8,0),_xlfn.XMATCH(F5,BudgetMatrix!$B$1:$D$1,0))} -> 1000 | K5: =IF(D5>J5,"OVER BUDGET","OK") -> OK | L5: =_xlfn.XLOOKUP(D5,ApprovalPolicy!$A$2:$A$5,ApprovalPolicy!$B$2:$B$5,"NO POLICY",-1) -> Accounting Manager | N5: INV-908 | O5: V-1008 | P5: 2025-01-17 | Q5: 212.34 | R5: Repair supplies - maintenance | S5: Ops
A6: INV-905 | B6: V-1006 | C6: 2025-01-14 | D6: 15.99 | E6: Video meeting subscription | F6: Finance | G6: =_xlfn.XLOOKUP(B6,Vendors!$A$2:$A$9,Vendors!$B$2:$B$9,"UNKNOWN") -> Zoom | H6: =_xlfn.XLOOKUP(B6,Vendors!$A$2:$A$9,Vendors!$D$2:$D$9,"MISSING") -> Net 30 | I6: =_xlfn.XLOOKUP(B6,Vendors!$A$2:$A$9,Vendors!$E$2:$E$9,"NO GL") -> 6200 | J6: {=INDEX(BudgetMatrix!$B$2:$D$8,_xlfn.XMATCH(I6,BudgetMatrix!$A$2:$A$8,0),_xlfn.XMATCH(F6,BudgetMatrix!$B$1:$D$1,0))} -> 400 | K6: =IF(D6>J6,"OVER BUDGET","OK") -> OK | L6: =_xlfn.XLOOKUP(D6,ApprovalPolicy!$A$2:$A$5,ApprovalPolicy!$B$2:$B$5,"NO POLICY",-1) -> Staff Accountant
A7: INV-906 | B7: V-1005 | C7: 2025-01-15 | D7: 3000 | E7: January office rent | F7: Ops | G7: =_xlfn.XLOOKUP(B7,Vendors!$A$2:$A$9,Vendors!$B$2:$B$9,"UNKNOWN") -> WeWork | H7: =_xlfn.XLOOKUP(B7,Vendors!$A$2:$A$9,Vendors!$D$2:$D$9,"MISSING") -> Net 30 | I7: =_xlfn.XLOOKUP(B7,Vendors!$A$2:$A$9,Vendors!$E$2:$E$9,"NO GL") -> 6400 | J7: {=INDEX(BudgetMatrix!$B$2:$D$8,_xlfn.XMATCH(I7,BudgetMatrix!$A$2:$A$8,0),_xlfn.XMATCH(F7,BudgetMatrix!$B$1:$D$1,0))} -> 2500 | K7: =IF(D7>J7,"OVER BUDGET","OK") -> OVER BUDGET | L7: =_xlfn.XLOOKUP(D7,ApprovalPolicy!$A$2:$A$5,ApprovalPolicy!$B$2:$B$5,"NO POLICY",-1) -> Controller
A8: INV-907 | B8: V-1007 | C8: 2025-01-16 | D8: 48.2 | E8: Overnight shipping - documents | F8: Finance | G8: =_xlfn.XLOOKUP(B8,Vendors!$A$2:$A$9,Vendors!$B$2:$B$9,"UNKNOWN") -> FedEx | H8: =_xlfn.XLOOKUP(B8,Vendors!$A$2:$A$9,Vendors!$D$2:$D$9,"MISSING") -> Net 30 | I8: =_xlfn.XLOOKUP(B8,Vendors!$A$2:$A$9,Vendors!$E$2:$E$9,"NO GL") -> 6460 | J8: {=INDEX(BudgetMatrix!$B$2:$D$8,_xlfn.XMATCH(I8,BudgetMatrix!$A$2:$A$8,0),_xlfn.XMATCH(F8,BudgetMatrix!$B$1:$D$1,0))} -> 90 | K8: =IF(D8>J8,"OVER BUDGET","OK") -> OK | L8: =_xlfn.XLOOKUP(D8,ApprovalPolicy!$A$2:$A$5,ApprovalPolicy!$B$2:$B$5,"NO POLICY",-1) -> Staff Accountant
A9: INV-908 | B9: V-1008 | C9: 2025-01-17 | D9: 212.34 | E9: Repair supplies - maintenance | F9: Ops | G9: =_xlfn.XLOOKUP(B9,Vendors!$A$2:$A$9,Vendors!$B$2:$B$9,"UNKNOWN") -> Home Depot | H9: =_xlfn.XLOOKUP(B9,Vendors!$A$2:$A$9,Vendors!$D$2:$D$9,"MISSING") -> Net 30 | I9: =_xlfn.XLOOKUP(B9,Vendors!$A$2:$A$9,Vendors!$E$2:$E$9,"NO GL") -> 6470 | J9: {=INDEX(BudgetMatrix!$B$2:$D$8,_xlfn.XMATCH(I9,BudgetMatrix!$A$2:$A$8,0),_xlfn.XMATCH(F9,BudgetMatrix!$B$1:$D$1,0))} -> 600 | K9: =IF(D9>J9,"OVER BUDGET","OK") -> OK | L9: =_xlfn.XLOOKUP(D9,ApprovalPolicy!$A$2:$A$5,ApprovalPolicy!$B$2:$B$5,"NO POLICY",-1) -> Staff Accountant
A10: INV-909 | B10: V-1003 | C10: 2025-01-18 | D10: 149 | E10: Cloud hosting - extra storage | F10: Ops | G10: =_xlfn.XLOOKUP(B10,Vendors!$A$2:$A$9,Vendors!$B$2:$B$9,"UNKNOWN") -> AWS | H10: =_xlfn.XLOOKUP(B10,Vendors!$A$2:$A$9,Vendors!$D$2:$D$9,"MISSING") -> Net 15 | I10: =_xlfn.XLOOKUP(B10,Vendors!$A$2:$A$9,Vendors!$E$2:$E$9,"NO GL") -> 6200 | J10: {=INDEX(BudgetMatrix!$B$2:$D$8,_xlfn.XMATCH(I10,BudgetMatrix!$A$2:$A$8,0),_xlfn.XMATCH(F10,BudgetMatrix!$B$1:$D$1,0))} -> 900 | K10: =IF(D10>J10,"OVER BUDGET","OK") -> OK | L10: =_xlfn.XLOOKUP(D10,ApprovalPolicy!$A$2:$A$5,ApprovalPolicy!$B$2:$B$5,"NO POLICY",-1) -> Staff Accountant
A11: INV-910 | B11: V-1001 | C11: 2025-01-19 | D11: 89.75 | E11: Office supplies - staplers | F11: Marketing | G11: =_xlfn.XLOOKUP(B11,Vendors!$A$2:$A$9,Vendors!$B$2:$B$9,"UNKNOWN") -> Staples | H11: =_xlfn.XLOOKUP(B11,Vendors!$A$2:$A$9,Vendors!$D$2:$D$9,"MISSING") -> Net 30 | I11: =_xlfn.XLOOKUP(B11,Vendors!$A$2:$A$9,Vendors!$E$2:$E$9,"NO GL") -> 6100 | J11: {=INDEX(BudgetMatrix!$B$2:$D$8,_xlfn.XMATCH(I11,BudgetMatrix!$A$2:$A$8,0),_xlfn.XMATCH(F11,BudgetMatrix!$B$1:$D$1,0))} -> 800 | K11: =IF(D11>J11,"OVER BUDGET","OK") -> OK | L11: =_xlfn.XLOOKUP(D11,ApprovalPolicy!$A$2:$A$5,ApprovalPolicy!$B$2:$B$5,"NO POLICY",-1) -> Staff Accountant

Sheet Instructions
A1: XLOOKUP + INDEX/XMATCH Practice (Accounting Case)
A3: Goal: Fill the yellow columns in InvoiceLab using lookup tables.
A5: Tasks:
A6: 1) VendorName (XLOOKUP using VendorID)
A7: 2) PaymentTerms (XLOOKUP using VendorID)
A8: 3) DefaultGL (XLOOKUP using VendorID)
A9: 4) BudgetLimit (INDEX + XMATCH 2-way lookup using DefaultGL + Department)
A10: 5) OverBudgetFlag (IF Amount > BudgetLimit then 'OVER BUDGET' else 'OK')
A11: 6) Approver (XLOOKUP approximate match using ApprovalPolicy thresholds)
A12: 7) Find all invoices where Amount > 200 (in InvoiceLab sheet using 'Filter')
A13: 8) Find all Marketing Invoices (in InvoiceLab sheet using 'Filter')
A14: Tables:
... A17: - ApprovalPolicy sheet = thresholds for approver
