Workbook

Sheet Inventory
A1: ID | B1: Name | C1: BeginningStock | D1: Purchase | E1: UnitSold | F1: EndingStock | G1: CostPerUnit | H1: TotalCost | I1: TotalSales | J1: Action | K1: Avg Price | L1: Stock Status | N1: Audit Flag | O1: Dept Code | P1: Rebate % | Q1: Dept Assessment
A2: P101 | B2: Laptop | C2: 50 | D2: 20 | E2: 65 | F2: =C2+D2-E2 -> 5 | G2: 1200 | H2: =F2*G2 -> 6000 | I2: 85800 | J2: =IF(F2<10,"Reorder","Sufficient") -> Reorder | K2: =IFERROR(I2/E2,0) -> 1320 | L2: =IF(F2>60,"Overstock",IF(F2<5,"Critical Low","Normal")) -> Normal | M2: =C2+D2-E2 -> 5 | N2: =IF(M2=F2,"Verified","Error") -> Verified | O2: =_xlfn.XLOOKUP(B2,Sheet2!$A$2:$A$11,Sheet2!$B$2:$B$11,"Unassigned") -> HW-LAP | P2: =_xlfn.XLOOKUP(E2,Sheet2!$D$2:$D$6,Sheet2!$E$2:$E$6,0,-1) -> 0.08 | Q2: =IF(SUMIFS($I$2:$I$147,$O$2:$O$147,O2)>50000,"Core Segment","Non-Core") -> Core Segment
A3: P102 | B3: Monitor | C3: 40 | D3: 15 | E3: 5 | F3: =C3+D3-E3 -> 50 | G3: 500 | H3: =F3*G3 -> 25000 | I3: 2575 | J3: =IF(F3<10,"Reorder","Sufficient") -> Sufficient | K3: =IFERROR(I3/E3,0) -> 515 | L3: =IF(F3>60,"Overstock",IF(F3<5,"Critical Low","Normal")) -> Normal | M3: =C3+D3-E3 -> 50 | N3: =IF(M3=F3,"Verified","Error") -> Verified | O3: =_xlfn.XLOOKUP(B3,Sheet2!$A$2:$A$11,Sheet2!$B$2:$B$11,"Unassigned") -> HW-MON | P3: =_xlfn.XLOOKUP(E3,Sheet2!$D$2:$D$6,Sheet2!$E$2:$E$6,0,-1) -> 0 | Q3: =IF(SUMIFS($I$2:$I$147,$O$2:$O$147,O3)>50000,"Core Segment","Non-Core") -> Non-Core
A4: P103 | B4: Keyboard | C4: 60 | D4: 25 | E4: 15 | F4: =C4+D4-E4 -> 70 | G4: 50 | H4: =F4*G4 -> 3500 | I4: 1050 | J4: =IF(F4<10,"Reorder","Sufficient") -> Sufficient | K4: =IFERROR(I4/E4,0) -> 70 | L4: =IF(F4>60,"Overstock",IF(F4<5,"Critical Low","Normal")) -> Overstock | M4: =C4+D4-E4 -> 70 | N4: =IF(M4=F4,"Verified","Error") -> Verified | O4: =_xlfn.XLOOKUP(B4,Sheet2!$A$2:$A$11,Sheet2!$B$2:$B$11,"Unassigned") -> ACC-INP | P4: =_xlfn.XLOOKUP(E4,Sheet2!$D$2:$D$6,Sheet2!$E$2:$E$6,0,-1) -> 0.025 | Q4: =IF(SUMIFS($I$2:$I$147,$O$2:$O$147,O4)>50000,"Core Segment","Non-Core") -> Non-Core
A5: P104 | B5: Headphones | C5: 30 | D5: 10 | E5: 3 | F5: =C5+D5-E5 -> 37 | G5: 100 | H5: =F5*G5 -> 3700 | I5: 420 | J5: =IF(F5<10,"Reorder","Sufficient") -> Sufficient | K5: =IFERROR(I5/E5,0) -> 140 | L5: =IF(F5>60,"Overstock",IF(F5<5,"Critical Low","Normal")) -> Normal | M5: =C5+D5-E5 -> 37 | N5: =IF(M5=F5,"Verified","Error") -> Verified | O5: =_xlfn.XLOOKUP(B5,Sheet2!$A$2:$A$11,Sheet2!$B$2:$B$11,"Unassigned") -> ACC-AUD | P5: =_xlfn.XLOOKUP(E5,Sheet2!$D$2:$D$6,Sheet2!$E$2:$E$6,0,-1) -> 0 | Q5: =IF(SUMIFS($I$2:$I$147,$O$2:$O$147,O5)>50000,"Core Segment","Non-Core") -> Non-Core
A6: P105 | B6: Smartphone | C6: 70 | D6: 30 | E6: 20 | F6: =C6+D6-E6 -> 80 | G6: 900 | H6: =F6*G6 -> 72000 | I6: 25200 | J6: =IF(F6<10,"Reorder","Sufficient") -> Sufficient | K6: =IFERROR(I6/E6,0) -> 1260 | L6: =IF(F6>60,"Overstock",IF(F6<5,"Critical Low","Normal")) -> Overstock | M6: =C6+D6-E6 -> 80 | N6: =IF(M6=F6,"Verified","Error") -> Verified | O6: =_xlfn.XLOOKUP(B6,Sheet2!$A$2:$A$11,Sheet2!$B$2:$B$11,"Unassigned") -> HW-MOB | P6: =_xlfn.XLOOKUP(E6,Sheet2!$D$2:$D$6,Sheet2!$E$2:$E$6,0,-1) -> 0.025 | Q6: =IF(SUMIFS($I$2:$I$147,$O$2:$O$147,O6)>50000,"Core Segment","Non-Core") -> Non-Core
A7: P106 | B7: Tablet | C7: 45 | D7: 18 | E7: 8 | F7: =C7+D7-E7 -> 55 | G7: 700 | H7: =F7*G7 -> 38500 | I7: 7840 | J7: =IF(F7<10,"Reorder","Sufficient") -> Sufficient | K7: =IFERROR(I7/E7,0) -> 980 | L7: =IF(F7>60,"Overstock",IF(F7<5,"Critical Low","Normal")) -> Normal | M7: =C7+D7-E7 -> 55 | N7: =IF(M7=F7,"Verified","Error") -> Verified | O7: =_xlfn.XLOOKUP(B7,Sheet2!$A$2:$A$11,Sheet2!$B$2:$B$11,"Unassigned") -> HW-MOB | P7: =_xlfn.XLOOKUP(E7,Sheet2!$D$2:$D$6,Sheet2!$E$2:$E$6,0,-1) -> 0 | Q7: =IF(SUMIFS($I$2:$I$147,$O$2:$O$147,O7)>50000,"Core Segment","Non-Core") -> Non-Core
A8: P107 | B8: Router | C8: 55 | D8: 22 | E8: 12 | F8: =C8+D8-E8 -> 65 | G8: 150 | H8: =F8*G8 -> 9750 | I8: 2520 | J8: =IF(F8<10,"Reorder","Sufficient") -> Sufficient | K8: =IFERROR(I8/E8,0) -> 210 | L8: =IF(F8>60,"Overstock",IF(F8<5,"Critical Low","Normal")) -> Overstock | M8: =C8+D8-E8 -> 65 | N8: =IF(M8=F8,"Verified","Error") -> Verified | O8: =_xlfn.XLOOKUP(B8,Sheet2!$A$2:$A$11,Sheet2!$B$2:$B$11,"Unassigned") -> NET-WIF | P8: =_xlfn.XLOOKUP(E8,Sheet2!$D$2:$D$6,Sheet2!$E$2:$E$6,0,-1) -> 0.025 | Q8: =IF(SUMIFS($I$2:$I$147,$O$2:$O$147,O8)>50000,"Core Segment","Non-Core") -> Non-Core
A9: P108 | B9: External Hard Drive | C9: 25 | D9: 12 | E9: 5 | F9: =C9+D9-E9 -> 32 | G9: 200 | H9: =F9*G9 -> 6400 | I9: 1200 | J9: =IF(F9<10,"Reorder","Sufficient") -> Sufficient | K9: =IFERROR(I9/E9,0) -> 240 | L9: =IF(F9>60,"Overstock",IF(F9<5,"Critical Low","Normal")) -> Normal | M9: =C9+D9-E9 -> 32 | N9: =IF(M9=F9,"Verified","Error") -> Verified | O9: =_xlfn.XLOOKUP(B9,Sheet2!$A$2:$A$11,Sheet2!$B$2:$B$11,"Unassigned") -> Unassigned | P9: =_xlfn.XLOOKUP(E9,Sheet2!$D$2:$D$6,Sheet2!$E$2:$E$6,0,-1) -> 0 | Q9: =IF(SUMIFS($I$2:$I$147,$O$2:$O$147,O9)>50000,"Core Segment","Non-Core") -> Non-Core
A10: P109 | B10: Wireless Earbuds | C10: 35 | D10: 15 | E10: 7 | F10: =C10+D10-E10 -> 43 | G10: 80 | H10: =F10*G10 -> 3440 | I10: 784 | J10: =IF(F10<10,"Reorder","Sufficient") -> Sufficient | K10: =IFERROR(I10/E10,0) -> 112 | L10: =IF(F10>60,"Overstock",IF(F10<5,"Critical Low","Normal")) -> Normal | M10: =C10+D10-E10 -> 43 | N10: =IF(M10=F10,"Verified","Error") -> Verified | O10: =_xlfn.XLOOKUP(B10,Sheet2!$A$2:$A$11,Sheet2!$B$2:$B$11,"Unassigned") -> Unassigned | P10: =_xlfn.XLOOKUP(E10,Sheet2!$D$2:$D$6,Sheet2!$E$2:$E$6,0,-1) -> 0 | Q10: =IF(SUMIFS($I$2:$I$147,$O$2:$O$147,O10)>50000,"Core Segment","Non-Core") -> Non-Core
A11: P110 | B11: Webcam | C11: 40 | D11: 20 | E11: 10 | F11: =C11+D11-E11 -> 50 | G11: 60 | H11: =F11*G11 -> 3000 | I11: 840 | J11: =IF(F11<10,"Reorder","Sufficient") -> Sufficient | K11: =IFERROR(I11/E11,0) -> 84 | L11: =IF(F11>60,"Overstock",IF(F11<5,"Critical Low","Normal")) -> Normal | M11: =C11+D11-E11 -> 50 | N11: =IF(M11=F11,"Verified","Error") -> Verified | O11: =_xlfn.XLOOKUP(B11,Sheet2!$A$2:$A$11,Sheet2!$B$2:$B$11,"Unassigned") -> Unassigned | P11: =_xlfn.XLOOKUP(E11,Sheet2!$D$2:$D$6,Sheet2!$E$2:$E$6,0,-1) -> 0.025 | Q11: =IF(SUMIFS($I$2:$I$147,$O$2:$O$147,O11)>50000,"Core Segment","Non-Core") -> Non-Core
A12: P111 | B12: Desk Chair | C12: 20 | D12: 8 | E12: 0 | F12: =C12+D12-E12 -> 28 | G12: 150 | H12: =F12*G12 -> 4200 | I12: 630 | J12: =IF(F12<10,"Reorder","Sufficient") -> Sufficient | K12: =IFERROR(I12/E12,0) -> 0 | L12: =IF(F12>60,"Overstock",IF(F12<5,"Critical Low","Normal")) -> Normal | M12: =C12+D12-E12 -> 28 | N12: =IF(M12=F12,"Verified","Error") -> Verified | O12: =_xlfn.XLOOKUP(B12,Sheet2!$A$2:$A$11,Sheet2!$B$2:$B$11,"Unassigned") -> Unassigned | P12: =_xlfn.XLOOKUP(E12,Sheet2!$D$2:$D$6,Sheet2!$E$2:$E$6,0,-1) -> 0 | Q12: =IF(SUMIFS($I$2:$I$147,$O$2:$O$147,O12)>50000,"Core Segment","Non-Core") -> Non-Core
A13: P112 | B13: Desk Lamp | C13: 30 | D13: 15 | E13: 7 | F13: =C13+D13-E13 -> 38 | G13: 30 | H13: =F13*G13 -> 1140 | I13: 294 | J13: =IF(F13<10,"Reorder","Sufficient") -> Sufficient | K13: =IFERROR(I13/E13,0) -> 42 | L13: =IF(F13>60,"Overstock",IF(F13<5,"Critical Low","Normal")) -> Normal | M13: =C13+D13-E13 -> 38 | N13: =IF(M13=F13,"Verified","Error") -> Verified | O13: =_xlfn.XLOOKUP(B13,Sheet2!$A$2:$A$11,Sheet2!$B$2:$B$11,"Unassigned") -> Unassigned | P13: =_xlfn.XLOOKUP(E13,Sheet2!$D$2:$D$6,Sheet2!$E$2:$E$6,0,-1) -> 0 | Q13: =IF(SUMIFS($I$2:$I$147,$O$2:$O$147,O13)>50000,"Core Segment","Non-Core") -> Non-Core
... A47: P146 | B47: Gaming Desk | C47: 25 | D47: 10 | E47: 3 | F47: =C47+D47-E47 -> 32 | G47: 150 | H47: =F47*G47 -> 4800 | I47: 585 | J47: =IF(F47<10,"Reorder","Sufficient") -> Sufficient | K47: =IFERROR(I47/E47,0) -> 195 | L47: =IF(F47>60,"Overstock",IF(F47<5,"Critical Low","Normal")) -> Normal | M47: =C47+D47-E47 -> 32 | N47: =IF(M47=F47,"Verified","Error") -> Verified | O47: =_xlfn.XLOOKUP(B47,Sheet2!$A$2:$A$11,Sheet2!$B$2:$B$11,"Unassigned") -> Unassigned | P47: =_xlfn.XLOOKUP(E47,Sheet2!$D$2:$D$6,Sheet2!$E$2:$E$6,0,-1) -> 0 | Q47: =IF(SUMIFS($I$2:$I$147,$O$2:$O$147,O47)>50000,"Core Segment","Non-Core") -> Non-Core

Sheet VendorMaster
A1: Product Name | B1: Authorized Vendor | C1: Vendor Payment Terms
A2: Laptop | B2: Dell Corp | C2: Net 60
A3: Monitor | B3: Samsung Biz | C3: Net 45
A4: Keyboard | B4: Logitech Pro | C4: Net 30
A5: Headphones | B5: Sony Audio | C5: Net 30
A6: Smartphone | B6: Samsung Biz | C6: Net 45
A7: Tablet | B7: Apple Ent | C7: Net 15
A8: Router | B8: Cisco Sys | C8: Net 60
A9: Gaming Mouse | B9: Razer Inc | C9: Net 30
A10: Graphics Card | B10: NVIDIA Corp | C10: Net 45
A11: CPU | B11: Intel Corp | C11: Net 60

Sheet Sheet2
A1: Product Name | B1: Dept Code | D1: Units Sold | E1: Rebate %
A2: Laptop | B2: HW-LAP | D2: 0 | E2: 0
A3: Monitor | B3: HW-MON | D3: 10 | E3: 0.025
A4: Keyboard | B4: ACC-INP | D4: 25 | E4: 0.05
A5: Headphones | B5: ACC-AUD | D5: 50 | E5: 0.08
A6: Smartphone | B6: HW-MOB | D6: 75 | E6: 0.12
A7: Tablet | B7: HW-MOB
A8: Router | B8: NET-WIF
A9: Gaming Mouse | B9: GMG-ACC
A10: Graphics Card | B10: HW-COM
A11: CPU | B11: HW-COM
